"accession","technology"
"MTBLS5","GC-TOF-MS"
"MTBLS833","UPLC-LTQ-MS/MS"
"MTBLS863","NMR"
"MTBLS6","GC-Q-MS"
"MTBLS7","GC-TOF-MS"
"MTBLS8","GC-TOF-MS"
"MTBLS10","HPLC-QTOF-MS"
"MTBLS11","GC-TOF-MS"
"MTBLS12","GC-TOF-MS"
"MTBLS13","GC-TOF-MS"
"MTBLS14","GC-TOF-MS"
"MTBLS15","GC-TOF-MS"
"MTBLS16","GC-TOF-MS"
"MTBLS17","UPLC-QTOF-MS"
"MTBLS19","UPLC-QTOF-MS"
"MTBLS20","FIA-LTQ-MS/MS;UPLC-LTQ-MS/MS"
"MTBLS21","GC-QIT-MS"
"MTBLS22","GC-TOF-MS"
"MTBLS23","GC-Q-MS"
"MTBLS24","NMR"
"MTBLS25","NMR"
"MTBLS26","UPLC-FT-ICR-MS;UPLC-LTQ-FT-MS"
"MTBLS27","GC-TOF-MS"
"MTBLS28","UPLC-QTOF-MS"
"MTBLS29","MALDI-TOF/TOF-MS"
"MTBLS31","LC-LTQ-MS/MS"
"MTBLS32","LC-LTQ-MS/MS"
"MTBLS33","LC-LTQ-MS/MS"
"MTBLS34","LC-LTQ-MS/MS"
"MTBLS35","GC-Q-MS"
"MTBLS36","UPLC-LTQ-MS/MS"
"MTBLS37","GCxGC-TOF-MS"
"MTBLS38","UPLC-LTQ-MS/MS"
"MTBLS39","HPLC-LTQ-MS/MS"
"MTBLS40","GC-TOF-MS"
"MTBLS41","GC-TOF-MS"
"MTBLS42","GC-TOF-MS"
"MTBLS43","GC-TOF-MS"
"MTBLS44","GC-TOF-MS"
"MTBLS45","GC-TOF-MS"
"MTBLS46","NMR"
"MTBLS47","GC-TOF-MS"
"MTBLS48","NMR"
"MTBLS49","LC-LTQ-MS"
"MTBLS52","UPLC-DAD;HPLC-QIT-MS"
"MTBLS54","GC-TOF-MS"
"MTBLS55","UPLC-QTOF-MS"
"MTBLS56","NMR"
"MTBLS57","UPLC-QTOF-MS"
"MTBLS58","3D MALDI imaging MS"
"MTBLS59","UPLC-QTOF-MS"
"MTBLS61","HPLC-LTQ-MS/MS"
"MTBLS62","UPLC-LTQ-MS"
"MTBLS63","UPLC-LTQ-MS"
"MTBLS64","UPLC-LTQ-MS"
"MTBLS65","UPLC-LTQ-MS"
"MTBLS66","UPLC-LTQ-MS/MS;GC-Q-MS"
"MTBLS68","UPLC-LTQ-MS/MS"
"MTBLS71","GC-Q-MS"
"MTBLS72","FIA-TQ-MS/MS;UPLC-QTOF-MS/MS"
"MTBLS73","UPLC-LTQ-MS/MS"
"MTBLS75","GC-Q-MS"
"MTBLS78","3D MALDI imaging MS;UPLC-LTQ-MS/MS"
"MTBLS79","DI-FT-ICR-MS"
"MTBLS81","UPLC-FT-ICR-MS;UPLC-LTQ-FT-MS/MS"
"MTBLS85","UPLC-DAD"
"MTBLS86","UPLC-DAD"
"MTBLS88","HPLC-LTQ-MS/MS"
"MTBLS90","UPLC-QTOF-MS/MS"
"MTBLS91","DI-FT-ICR-MS"
"MTBLS92","UPLC-QTOF-MS"
"MTBLS93","UPLC-QTOF-MS/MS"
"MTBLS94","UPLC-LTQ-MS"
"MTBLS95","GC-Q-MS"
"MTBLS96","GC-Q-MS"
"MTBLS98","DI-LTQ-MS"
"MTBLS99","UPLC-QTOF-MS"
"MTBLS100","NMR"
"MTBLS102","NMR"
"MTBLS103","NMR;UPLC-QTOF-MS"
"MTBLS104","NMR"
"MTBLS105","GC-Q-MS;GC-TOF-MS"
"MTBLS106","UPLC-MS/MS"
"MTBLS107","UPLC-LTQ-MS"
"MTBLS108","UPLC-LTQ-MS"
"MTBLS109","UPLC-LTQ-MS"
"MTBLS110","UPLC-LTQ-MS"
"MTBLS111","UPLC-LTQ-MS"
"MTBLS112","GC-Q-MS"
"MTBLS113","GC-TOF-MS"
"MTBLS114","NMR"
"MTBLS116","NMR"
"MTBLS117","DI-LTQ-MS/MS"
"MTBLS118","GC-Q-MS"
"MTBLS119","UPLC-QTOF-MS/MS"
"MTBLS120","UPLC-QTOF-MS/MS"
"MTBLS121","UPLC-LTQ-MS/MS"
"MTBLS123","NMR"
"MTBLS124","UPLC-QTOF-MS"
"MTBLS125","HPLC-LTQ-MS"
"MTBLS126","HPLC-LTQ-MS"
"MTBLS127","HPLC-LTQ-MS"
"MTBLS128","UPLC-QTOF-MS"
"MTBLS129","UPLC-TOF-MS;UPLC-LTQ-MS"
"MTBLS131","NMR"
"MTBLS132","NMR"
"MTBLS133","NMR"
"MTBLS134","NMR"
"MTBLS135","UPLC-MS/MS"
"MTBLS136","UPLC-MS/MS"
"MTBLS137","UPLC-QTOF-MS"
"MTBLS6038","UPLC-TQ-MS"
"MTBLS138","UPLC-MS/MS"
"MTBLS142","HPLC-QTOF-MS/MS"
"MTBLS143","UPLC-LTQ-MS"
"MTBLS144","UPLC-FT-ICR-MS;UPLC-LTQ-FT-MS/MS"
"MTBLS145","UPLC-MS"
"MTBLS146","HPLC-LTQ-MS"
"MTBLS147","NMR"
"MTBLS148","UPLC-LTQ-MS"
"MTBLS6039","UPLC-LTQ-MS/MS"
"MTBLS149","NMR"
"MTBLS150","GCxGC-TOF-MS"
"MTBLS151","NMR"
"MTBLS152","GCxGC-TOF-MS"
"MTBLS154","UPLC-FT-ICR-MS;UPLC-LTQ-FT-MS/MS;UPLC-TQ-MS"
"MTBLS155","UPLC-FT-ICR-MS;UPLC-LTQ-FT-MS/MS;UPLC-TQ-MS"
"MTBLS156","MAS-NMR"
"MTBLS157","UPLC-FT-ICR-MS;UPLC-LTQ-FT-MS/MS;UPLC-TQ-MS"
"MTBLS158","UPLC-MS/MS"
"MTBLS159","UPLC-MS/MS"
"MTBLS160","UPLC-QTOF-MS"
"MTBLS161","NMR"
"MTBLS162","DI-LTQ-MS"
"MTBLS163","LC-TQ-MS/MS"
"MTBLS164","PTR-MS"
"MTBLS165","HPLC-LTQ-MS/MS"
"MTBLS166","NMR"
"MTBLS168","UPLC-TQ-MS"
"MTBLS169","UPLC-QTOF-MS"
"MTBLS171","GC-Q-MS"
"MTBLS172","NMR"
"MTBLS173","UPLC-LTQ-MS/MS;UPLC-TQ-MS;UPLC-QTOF-MS"
"MTBLS174","NMR"
"MTBLS175","GC-Q-MS;UPLC-QTOF-MS"
"MTBLS176","3D MALDI imaging MS;3D DESI imaging MS"
"MTBLS177","NMR"
"MTBLS178","UPLC-QTOF-MS/MS"
"MTBLS179","UPLC-MS/MS"
"MTBLS181","UPLC-LTQ-MS/MS"
"MTBLS182","GC-Q-MS"
"MTBLS183","GC-Q-MS"
"MTBLS185","UPLC-LTQ-MS"
"MTBLS186","UPLC-MS/MS"
"MTBLS187","GC-Q-MS"
"MTBLS188","UPLC-QTOF-MS"
"MTBLS189","NMR"
"MTBLS191","GC-Q-MS"
"MTBLS193","UPLC-QTOF-MS"
"MTBLS194","HPLC-FT-ICR-MS"
"MTBLS196","GC-Q-MS;UPLC-LTQ-MS/MS"
"MTBLS197","HPLC-LTQ-MS"
"MTBLS198","HPLC-LTQ-MS/MS"
"MTBLS200","NMR;GC-TOF-MS"
"MTBLS203","UPLC-QTOF-MS/MS"
"MTBLS204","UPLC-MS/MS"
"MTBLS205","UPLC-MS/MS"
"MTBLS208","GC-TOF-MS"
"MTBLS209","UPLC-QTOF-MS;UPLC-TQ-MS"
"MTBLS210","DI-FT-ICR-MS/MS"
"MTBLS212","SPME-GCxGC-TOF-MS"
"MTBLS213","UPLC-MS"
"MTBLS214","UFLC-QTOF-MS/MS"
"MTBLS215","GC-TOF-MS"
"MTBLS216","LC-QTOF-MS"
"MTBLS217","HPLC-QTOF-MS"
"MTBLS218","UPLC-LTQ-MS"
"MTBLS219","GC-TOF-MS"
"MTBLS220","UPLC-MS/MS"
"MTBLS221","UPLC-MS/MS"
"MTBLS225","UPLC-TQ-MS;HPLC-TQ-MS/MS"
"MTBLS226","GCxGC-TOF-MS"
"MTBLS227","HPLC-IT-MS;MALDI-TOF/TOF-MS/MS"
"MTBLS229","HPLC-LTQ-MS"
"MTBLS233","HPLC-LTQ-MS"
"MTBLS234","LC-QTOF-MS"
"MTBLS235","LC-MS simulation"
"MTBLS237","NMR"
"MTBLS239","NMR"
"MTBLS240","NMR"
"MTBLS241","NMR"
"MTBLS242","NMR"
"MTBLS243","HPLC-TQ-MS/MS"
"MTBLS247","NMR"
"MTBLS249","NMR"
"MTBLS253","HPLC-TQ-MS"
"MTBLS256","NMR"
"MTBLS259","DI-FT-ICR-MS"
"MTBLS260","DI-FT-ICR-MS"
"MTBLS261","NMR"
"MTBLS263","HPLC-LTQ-MS"
"MTBLS264","HPLC-LTQ-MS"
"MTBLS265","HPLC-LTQ-MS"
"MTBLS266","HPLC-LTQ-MS"
"MTBLS267","HPLC-LTQ-MS"
"MTBLS270","HPLC-QTOF-MS"
"MTBLS272","UPLC-QTOF-MS/MS"
"MTBLS273","3D DESI imaging MS"
"MTBLS274","UPLC-QTOF-MS"
"MTBLS275","NMR"
"MTBLS6075","UPLC-LTQ-MS/MS;UPLC-QTOF-MS/MS"
"MTBLS6076","UPLC-QTOF-MS"
"MTBLS277","HPLC-LTQ-MS"
"MTBLS278","UPLC-TQ-MS/MS"
"MTBLS279","UPLC-QTOF-MS"
"MTBLS280","UPLC-QTOF-MS"
"MTBLS281","UPLC-FT-ICR-MS;UPLC-LTQ-FT-MS/MS;UPLC-TQ-MS"
"MTBLS282","3D DESI imaging MS"
"MTBLS283","GC-Q-MS;UPLC-TQ-MS/MS"
"MTBLS286","UPLC-QTOF-MS"
"MTBLS287","UPLC-QTOF-MS"
"MTBLS288","GC-Q-MS"
"MTBLS289","3D DESI imaging MS"
"MTBLS290","HPLC-LTQ-MS/MS"
"MTBLS291","UPLC-TOF-MS"
"MTBLS292","UPLC-TQ-MS"
"MTBLS293","LC-FT-ICR-MS;LC-LTQ-FT-MS/MS;LC-TQ-MS"
"MTBLS295","UPLC-FT-ICR-MS;UPLC-LTQ-FT-MS/MS;UPLC-TQ-MS"
"MTBLS296","UPLC-QTOF-MS/MS"
"MTBLS297","UPLC-QTOF-MS"
"MTBLS298","GCxGC-TOF-MS"
"MTBLS303","UPLC-TQ-MS/MS"
"MTBLS304","UPLC-QTOF-MS"
"MTBLS306","HPLC-LTQ-MS/MS"
"MTBLS307","LC-LTQ-MS/MS"
"MTBLS6081","UPLC-QTOF-MS/MS"
"MTBLS6082","DI-LTQ-MS/MS"
"MTBLS309","HPLC-LTQ-MS/MS;GC-TQ-MS;GC-Q-MS"
"MTBLS311","HPLC-LTQ-MS/MS;GC-TQ-MS"
"MTBLS312","HPLC-LTQ-MS/MS;GC-TQ-MS;UPLC-QTOF-MS"
"MTBLS313","3D MALDI imaging MS"
"MTBLS315","GC-TOF-MS;UPLC-LTQ-MS;LC-QTOF-MS"
"MTBLS6083","DI-LTQ-MS/MS"
"MTBLS6084","LC-LTQ-MS/MS"
"MTBLS316","HPLC-LTQ-MS/MS"
"MTBLS317","3D MALDI imaging MS simulation"
"MTBLS319","GC-TOF-MS"
"MTBLS320","GC-TOF-MS"
"MTBLS321","GC-QTOF-MS"
"MTBLS322","UPLC-QTOF-MS/MS"
"MTBLS326","NMR"
"MTBLS327","DI-LTQ-MS"
"MTBLS328","GC-Q-MS"
"MTBLS330","UPLC-QTOF-MS"
"MTBLS331","NMR"
"MTBLS332","GC-Q-MS"
"MTBLS333","UPLC-QTOF-MS"
"MTBLS334","UPLC-LTQ-MS"
"MTBLS335","UPLC-QTOF-MS/MS"
"MTBLS336","NMR;UPLC-LTQ-MS"
"MTBLS337","NMR"
"MTBLS338","UPLC-QTOF-MS;GC-Q-MS"
"MTBLS340","NMR"
"MTBLS341","UPLC-QTOF-MS;GC-Q-MS"
"MTBLS342","NMR"
"MTBLS343","UPLC-QTOF-MS"
"MTBLS345","GC-Q-MS"
"MTBLS346","NMR"
"MTBLS349","NMR"
"MTBLS350","GC-TOF-MS"
"MTBLS352","UPLC-QTOF-MS"
"MTBLS354","UPLC-QTOF-MS"
"MTBLS355","DI-FT-ICR-MS;GC-TOF-MS"
"MTBLS356","NMR"
"MTBLS358","UPLC-LTQ-MS;DI-LTQ-MS"
"MTBLS359","LC-LTQ-MS"
"MTBLS360","UPLC-LTQ-MS/MS"
"MTBLS361","NMR"
"MTBLS362","LC-LTQ-MS/MS"
"MTBLS363","GC-Q-MS"
"MTBLS364","UPLC-QTOF-MS"
"MTBLS366","DI-FT-ICR-MS"
"MTBLS367","NMR"
"MTBLS368","HPLC-QTOF-MS;UPLC-TQ-MS/MS"
"MTBLS370","GC-LTQ-MS"
"MTBLS372","HPLC-QTOF-MS/MS"
"MTBLS373","FIA-QTOF-MS"
"MTBLS374","NMR"
"MTBLS375","UPLC-LTQ-MS"
"MTBLS376","CE-TOF-MS"
"MTBLS378","LC-LTQ-MS/MS"
"MTBLS379","UPLC-QTOF-MS/MS"
"MTBLS380","UPLC-QTOF-MS"
"MTBLS381","UPLC-QTOF-MS"
"MTBLS382","NMR"
"MTBLS383","REI-QTOF-MS"
"MTBLS384","HPLC-LTQ-MS"
"MTBLS385","3D DESI imaging MS"
"MTBLS386","NMR"
"MTBLS387","NMR"
"MTBLS389","UPLC-TOF-MS"
"MTBLS390","GC-FID"
"MTBLS391","HPLC-LTQ-MS;UPLC-LTQ-MS;UPLC-QTOF-MS/MS"
"MTBLS392","GCxGC-TOF-MS"
"MTBLS393","GC-TOF-MS"
"MTBLS394","HPLC-QTOF-MS;UPLC-QTOF-MS/MS;HPLC-LTQ-MS;UPLC-LTQ-MS"
"MTBLS395","NMR"
"MTBLS396","HPLC-QTOF-MS;UPLC-QTOF-MS/MS;HPLC-LTQ-MS;UPLC-LTQ-MS"
"MTBLS397","UPLC-LTQ-MS"
"MTBLS398","HPLC-LTQ-MS;UPLC-LTQ-MS;UPLC-QTOF-MS/MS"
"MTBLS399","NMR"
"MTBLS400","MAS-NMR"
"MTBLS401","HPLC-LTQ-MS"
"MTBLS403","UPLC-QTOF-MS"
"MTBLS404","UPLC-LTQ-MS"
"MTBLS405","HPLC-TQ-MS/MS"
"MTBLS407","UPLC-LTQ-MS/MS"
"MTBLS408","UPLC-QTOF-MS"
"MTBLS409","UPLC-QTOF-MS/MS"
"MTBLS410","UPLC-QTOF-MS"
"MTBLS411","GC-TOF-MS"
"MTBLS412","GC-Q-MS"
"MTBLS413","UPLC-LTQ-MS"
"MTBLS414","UPLC-QTOF-MS"
"MTBLS415","3D DESI imaging MS"
"MTBLS417","UPLC-QTOF-MS/MS"
"MTBLS418","UPLC-QTOF-MS"
"MTBLS419","NMR"
"MTBLS420","GC-QIT-MS"
"MTBLS422","NMR"
"MTBLS423","UPLC-QTOF-MS"
"MTBLS424","NMR"
"MTBLS425","NMR"
"MTBLS426","UPLC-LTQ-MS/MS"
"MTBLS427","SPE-IMS-MS"
"MTBLS428","LC-LTQ-MS/MS"
"MTBLS429","UPLC-TQ-MS/MS"
"MTBLS430","NMR"
"MTBLS431","NMR"
"MTBLS432","UPLC-IT-TOF-MS/MS"
"MTBLS433","UPLC-QTOF-MS/MS"
"MTBLS434","UPLC-TQ-MS/MS"
"MTBLS435","UPLC-QTOF-MS"
"MTBLS436","HPLC-LTQ-MS"
"MTBLS437","GC-QTOF-MS"
"MTBLS441","UPLC-QTOF-MS"
"MTBLS442","UPLC-LTQ-MS"
"MTBLS444","NMR"
"MTBLS445","UPLC-LTQ-MS"
"MTBLS447","GC-TOF-MS"
"MTBLS449","UPLC-QTOF-MS"
"MTBLS450","UPLC-TQ-MS"
"MTBLS451","LC-LTQ-MS/MS"
"MTBLS452","UPLC-LTQ-MS/MS"
"MTBLS453","NMR"
"MTBLS454","HPLC-QTOF-MS/MS"
"MTBLS455","NMR"
"MTBLS456","UPLC-QTOF-MS"
"MTBLS457","GC-Q-MS"
"MTBLS459","UPLC-LTQ-MS/MS"
"MTBLS460","UPLC-QTOF-MS/MS"
"MTBLS461","LC-FT-ICR-MS;LC-LTQ-FT-MS/MS;LC-TQ-MS"
"MTBLS462","UPLC-LTQ-MS/MS"
"MTBLS464","UPLC-LTQ-MS/MS"
"MTBLS465","UPLC-QTOF-MS"
"MTBLS467","UPLC-LTQ-MS"
"MTBLS469","HPLC-LTQ-MS"
"MTBLS470","UPLC-QTOF-MS"
"MTBLS471","UPLC-LTQ-MS/MS"
"MTBLS472","UPLC-QTOF-MS"
"MTBLS473","HPLC-LTQ-MS"
"MTBLS476","LC-LTQ-MS"
"MTBLS478","UPLC-QTOF-MS/MS"
"MTBLS479","UPLC-LTQ-MS/MS"
"MTBLS481","GC-TOF-MS"
"MTBLS482","In vivo MRS"
"MTBLS483","UPLC-QTOF-MS"
"MTBLS484","UPLC-QTOF-MS"
"MTBLS487","3D MALDI imaging MS"
"MTBLS488","UPLC-LTQ-MS"
"MTBLS492","UPLC-QTOF-MS/MS;UPLC-LTQ-MS/MS"
"MTBLS493","UPLC-QTOF-MS"
"MTBLS494","UPLC-QTOF-MS"
"MTBLS495","UPLC-QTOF-MS/MS"
"MTBLS496","UPLC-QTOF-MS"
"MTBLS497","TD-GC-TOF-MS"
"MTBLS516","NMR"
"MTBLS517","HPLC-LTQ-MS"
"MTBLS518","HPLC-LTQ-MS"
"MTBLS519","GC-Q-MS"
"MTBLS520","UPLC-QTOF-MS"
"MTBLS522","GC-TQ-MS"
"MTBLS523","HPLC-LTQ-MS"
"MTBLS524","NMR"
"MTBLS525","UPLC-QTOF-MS/MS"
"MTBLS526","GC-Q-MS"
"MTBLS527","GC-TOF-MS;UPLC-QTOF-MS"
"MTBLS528","HPLC-LTQ-MS"
"MTBLS529","HPLC-LTQ-MS"
"MTBLS530","LC-TOF-MS"
"MTBLS531","HPLC-QTOF-MS/MS"
"MTBLS532","GC-Q-MS"
"MTBLS533","UPLC-LTQ-MS/MS"
"MTBLS535","GC-Q-MS;HPLC-QTOF-MS"
"MTBLS536","HPLC-LTQ-MS"
"MTBLS538","GC-Q-MS"
"MTBLS540","NMR"
"MTBLS541","NMR"
"MTBLS542","HPLC-LTQ-MS"
"MTBLS543","NMR"
"MTBLS544","LC-QTOF-MS"
"MTBLS545","GC-TOF-MS"
"MTBLS546","GC-TOF-MS"
"MTBLS547","UPLC-TQ-MS"
"MTBLS548","UPLC-QTOF-MS"
"MTBLS549","HPLC-LTQ-MS/MS"
"MTBLS552","GC-Q-MS;HPLC-LTQ-MS/MS"
"MTBLS553","UPLC-QTOF-MS/MS"
"MTBLS554","UPLC-LTQ-MS"
"MTBLS555","HPLC-QTOF-MS"
"MTBLS558","HPLC-LTQ-MS/MS"
"MTBLS559","UPLC-QTOF-MS"
"MTBLS560","NMR"
"MTBLS561","UPLC-LTQ-MS/MS"
"MTBLS562","UPLC-QTOF-MS/MS"
"MTBLS563","NMR"
"MTBLS564","NMR"
"MTBLS566","UPLC-LTQ-MS"
"MTBLS567","LC-LTQ-MS/MS"
"MTBLS570","HPLC-LTQ-MS"
"MTBLS571","HPLC-QTOF-MS/MS"
"MTBLS572","HPLC-QTOF-MS/MS"
"MTBLS574","UPLC-QTOF-MS"
"MTBLS575","UPLC-QTOF-MS/MS"
"MTBLS576","NMR"
"MTBLS577","HPLC-LTQ-MS/MS"
"MTBLS578","HPLC-LTQ-MS/MS"
"MTBLS579","GCxGC-TOF-MS"
"MTBLS580","GC-Q-MS"
"MTBLS581","UPLC-QTOF-MS"
"MTBLS582","UPLC-LTQ-MS/MS"
"MTBLS583","GC-TOF-MS"
"MTBLS586","UPLC-QTOF-MS/MS"
"MTBLS587","3D MALDI imaging MS"
"MTBLS588","3D MALDI imaging MS"
"MTBLS589","3D MALDI imaging MS"
"MTBLS591","HPLC-QTOF-MS"
"MTBLS593","NMR"
"MTBLS596","UPLC-LTQ-MS/MS"
"MTBLS597","3D MALDI imaging MS"
"MTBLS598","UPLC-LTQ-MS"
"MTBLS599","UPLC-QTOF-MS/MS"
"MTBLS600","UPLC-QTOF-MS/MS"
"MTBLS601","UPLC-TOF-MS"
"MTBLS602","NMR"
"MTBLS606","UPLC-TOF-MS"
"MTBLS607","UPLC-LTQ-MS"
"MTBLS608","GC-Q-MS;UPLC-TQ-MS/MS"
"MTBLS612","UPLC-QTOF-MS"
"MTBLS613","UPLC-QTOF-MS"
"MTBLS614","UPLC-LTQ-MS"
"MTBLS615","UPLC-TOF-MS"
"MTBLS616","DI-LTQ-MS"
"MTBLS618","UPLC-QTOF-MS"
"MTBLS619","NMR;MAS-NMR"
"MTBLS620","UPLC-QTOF-MS"
"MTBLS622","NMR"
"MTBLS623","NMR"
"MTBLS624","LC-LTQ-MS"
"MTBLS626","NMR"
"MTBLS628","UPLC-QTOF-MS"
"MTBLS629","UPLC-QTOF-MS"
"MTBLS630","HPLC-LTQ-MS"
"MTBLS631","UPLC-QTOF-MS"
"MTBLS633","CE-TOF-MS"
"MTBLS634","GC-Q-MS"
"MTBLS636","HPLC-IT-MS"
"MTBLS638","UPLC-QTOF-MS"
"MTBLS639","NMR"
"MTBLS640","NMR"
"MTBLS641","UPLC-QTOF-MS/MS"
"MTBLS642","GCxGC-TOF-MS"
"MTBLS644","REI-QTOF-MS"
"MTBLS648","UPLC-TQ-MS"
"MTBLS650","UPLC-LTQ-MS;UPLC-LTQ-MS/MS"
"MTBLS652","UFLC-LTQ-MS/MS"
"MTBLS653","GC-Q-MS"
"MTBLS654","NMR"
"MTBLS656","UPLC-TQ-MS"
"MTBLS658","NMR"
"MTBLS661","UPLC-TQ-MS/MS"
"MTBLS662","GC-Q-MS"
"MTBLS664","LC-LTQ-MS"
"MTBLS665","LC-LTQ-MS"
"MTBLS666","UPLC-QTOF-MS/MS"
"MTBLS667","NMR"
"MTBLS669","NMR"
"MTBLS670","HPLC-TOF-MS"
"MTBLS671","LC-QTOF-MS"
"MTBLS673","UPLC-QTOF-MS/MS"
"MTBLS674","DI-TQ-MS/MS;UPLC-TQ-MS/MS"
"MTBLS675","NMR"
"MTBLS677","UPLC-LTQ-MS"
"MTBLS678","NMR"
"MTBLS679","UPLC-QTOF-MS"
"MTBLS680","UPLC-TQ-MS/MS"
"MTBLS683","UPLC-QTOF-MS"
"MTBLS685","UPLC-TQ-MS/MS"
"MTBLS686","UPLC-LTQ-MS/MS"
"MTBLS687","GC-Q-MS"
"MTBLS688","UPLC-IT-TOF-MS"
"MTBLS689","GC-TQ-MS"
"MTBLS690","GC-TOF-MS;UPLC-QTOF-MS/MS"
"MTBLS691","LC-LTQ-MS"
"MTBLS692","UPLC-QTOF-MS"
"MTBLS693","UPLC-LTQ-MS"
"MTBLS694","NMR;UPLC-QTOF-MS"
"MTBLS696","UPLC-LTQ-MS/MS"
"MTBLS697","UPLC-LTQ-MS/MS"
"MTBLS698","LC-LTQ-MS"
"MTBLS699","GC-TOF-MS"
"MTBLS700","UPLC-QTOF-MS;UPLC-TQ-MS/MS;SPME-GC-Q-MS"
"MTBLS701","UPLC-TOF-MS;UPLC-LTQ-MS/MS"
"MTBLS702","UPLC-LTQ-MS/MS"
"MTBLS703","LC-LTQ-MS/MS"
"MTBLS704","DI-LTQ-MS/MS"
"MTBLS705","NMR"
"MTBLS706","LC-LTQ-MS"
"MTBLS707","UPLC-QTOF-MS"
"MTBLS708","LC-LTQ-MS/MS"
"MTBLS709","UPLC-QTOF-MS"
"MTBLS716","UPLC-QTOF-MS/MS"
"MTBLS717",""
"MTBLS718","UPLC-QTOF-MS/MS"
"MTBLS719","DESI-MS; UPLC-QTOF-MS/MS"
"MTBLS720","NMR"
"MTBLS721","UFLC-QTOF-MS"
"MTBLS722","UPLC-LTQ-MS/MS"
"MTBLS723","NMR"
"MTBLS724","GC-Q-MS"
"MTBLS726","NMR;GC-Q-MS"
"MTBLS727","UPLC-IT-TOF-MS/MS"
"MTBLS729","UPLC-QTOF-MS"
"MTBLS733","HPLC-LTQ-MS"
"MTBLS735","UPLC-QTOF-MS"
"MTBLS736","UPLC-QTOF-MS"
"MTBLS737","UPLC-QTOF-MS"
"MTBLS738","UPLC-QTOF-MS"
"MTBLS739","GC-Q-MS"
"MTBLS740","NMR"
"MTBLS742","UPLC-QTOF-MS"
"MTBLS743","UPLC-QTOF-MS"
"MTBLS744","MALDI imaging MS"
"MTBLS745","LC-LTQ-MS"
"MTBLS746","UPLC-LTQ-MS/MS"
"MTBLS748","GC-Q-MS"
"MTBLS749","HPLC-LTQ-MS/MS"
"MTBLS750","UPLC-LTQ-MS"
"MTBLS751","HPLC-LTQ-MS"
"MTBLS752","UPLC-TOF-MS"
"MTBLS753","UPLC-LTQ-MS/MS"
"MTBLS754","UPLC-TOF-MS"
"MTBLS755","UPLC-LTQ-MS/MS"
"MTBLS756","UPLC-TOF-MS"
"MTBLS757","LC-LTQ-MS/MS"
"MTBLS758","GC-Q-MS"
"MTBLS760","SPME-GC-Q-MS"
"MTBLS761","MAS-NMR"
"MTBLS762","UPLC-TOF-MS"
"MTBLS763","GC-Q-MS;UPLC-LTQ-MS"
"MTBLS767","GC-TOF-MS;UPLC-QTOF-MS/MS"
"MTBLS768","GC-Q-MS;HPLC-QTOF-MS"
"MTBLS769","LMJ-SSP/ESI imaging MS;MALDI imaging MS"
"MTBLS770","UPLC-QTOF-MS/MS"
"MTBLS771","UPLC-TOF-MS;UPLC-LTQ-MS"
"MTBLS772","UPLC-TOF-MS;UPLC-LTQ-MS"
"MTBLS773","HPLC-LTQ-MS/MS"
"MTBLS774","UPLC-IMS-QTOF-MS"
"MTBLS775","UPLC-LTQ-MS"
"MTBLS777","UPLC-QTOF-MS/MS"
"MTBLS780","GC-Q-MS"
"MTBLS781","NMR"
"MTBLS784","UPLC-QTOF-MS"
"MTBLS787","LC-QTOF-MS/MS"
"MTBLS788","LC-LTQ-MS"
"MTBLS789","GC-TOF-MS"
"MTBLS794","NMR;LC-LTQ-MS"
"MTBLS797","HPLC-LTQ-MS"
"MTBLS798","NMR"
"MTBLS801","GC-TOF-MS"
"MTBLS802","GCxGC-TOF-MS"
"MTBLS803","GC-Q-MS"
"MTBLS804","UPLC-LTQ-MS"
"MTBLS805","MALDI imaging MS/MS"
"MTBLS806","NMR"
"MTBLS807","GC-Q-MS"
"MTBLS808","SPME-GCxGC-Q-MS;GC-FID;PTR-TOF-MS;LC-LTQ-MS/MS"
"MTBLS809","UPLC-QTOF-MS"
"MTBLS811","DI-FT-ICR-MS/MS"
"MTBLS812","UPLC-QTOF-MS"
"MTBLS814","UPLC-TQ-MS"
"MTBLS816","LC-QTOF-MS"
"MTBLS821","LC-LTQ-MS"
"MTBLS822","LC-LTQ-MS"
"MTBLS824","LC-LTQ-MS"
"MTBLS825","UPLC-LTQ-MS"
"MTBLS826","GC-Q-MS"
"MTBLS832","NMR"
"MTBLS834","UPLC-LTQ-MS/MS"
"MTBLS836","FIA-LTQ-MS"
"MTBLS839","GC-Q-MS"
"MTBLS840","UPLC-LTQ-MS"
"MTBLS841","NMR"
"MTBLS842","SESI-LTQ-MS"
"MTBLS843","GC-Q-MS"
"MTBLS844","GC-Q-MS"
"MTBLS846","LC-TQ-MS/MS"
"MTBLS848","GC-Q-MS"
"MTBLS849","GC-Q-MS"
"MTBLS852","UPLC-QTOF-MS/MS"
"MTBLS855","GC-Q-MS"
"MTBLS856","UPLC-LTQ-MS/MS"
"MTBLS858","LC-LTQ-MS"
"MTBLS861","HPLC-QTOF-MS"
"MTBLS862","NMR"
"MTBLS865","UPLC-QTOF-MS"
"MTBLS866","GC-Q-MS"
"MTBLS867","UPLC-QTOF-MS/MS"
"MTBLS868","LC-LTQ-MS"
"MTBLS869","MAS-NMR"
"MTBLS870","NMR"
"MTBLS871","GC-Q-MS"
"MTBLS872","GC-Q-MS"
"MTBLS874","UPLC-QTOF-MS/MS;NMR"
"MTBLS876","NMR"
"MTBLS881","NMR"
"MTBLS882","HPLC-LTQ-MS"
"MTBLS883","HPLC-LTQ-MS"
"MTBLS884","UPLC-QTOF-MS"
"MTBLS889","UPLC-DAD"
"MTBLS890","UPLC-QTOF-MS"
"MTBLS892","SPME-GC-TQ-MS"
"MTBLS893","GC-Q-MS"
"MTBLS896","LC-QTOF-MS"
"MTBLS897","UPLC-TQ-MS/MS"
"MTBLS898","UPLC-TQ-MS/MS"
"MTBLS899","UPLC-LTQ-MS"
"MTBLS906","UPLC-QTOF-MS"
"MTBLS916","UPLC-QTOF-MS/MS"
"MTBLS923","LC-LTQ-MS"
"MTBLS943","UPLC-LTQ-MS/MS"
"MTBLS944","UPLC-LTQ-MS/MS"
"MTBLS946","LC-LTQ-MS/MS"
"MTBLS954","MALDI imaging MS"
"MTBLS957","REI-QTOF-MS"
"MTBLS959","LC-LTQ-MS"
"MTBLS962","UPLC-QTOF-MS"
"MTBLS968","SPME-GC-Q-MS"
"MTBLS974","NMR"
"MTBLS981","NMR"
"MTBLS982","SPME-GC-TQ-MS"
"MTBLS984","UPLC-DAD"
"MTBLS999","LC-QTOF-MS"
"MTBLS1014","MAS-NMR"
"MTBLS1015","UPLC-QTOF-MS"
"MTBLS1024","DI-FT-ICR-MS"
"MTBLS1033","UPLC-QTOF-MS/MS"
"MTBLS1039","HPLC-QTOF-MS"
"MTBLS1040","LC-QTOF-MS/MS"
"MTBLS1041","UPLC-QTOF-MS/MS"
"MTBLS1044","UPLC-TQ-MS/MS"
"MTBLS1045","NMR"
"MTBLS1051","GC-TOF-MS;UPLC-QTOF-MS/MS"
"MTBLS1066","UPLC-LTQ-MS/MS"
"MTBLS1071","LC-LTQ-MS/MS"
"MTBLS1073","UPLC-LTQ-MS/MS"
"MTBLS1079","GCxGC-TOF-MS"
"MTBLS1080","LC-TQ-MS;LC-LTQ-MS"
"MTBLS1085","HPLC-LTQ-MS"
"MTBLS1093","GC-Q-MS"
"MTBLS1095","REI-QTOF-MS"
"MTBLS1103","NMR"
"MTBLS1104","GC-Q-MS;GC-LTQ-MS"
"MTBLS1108","UPLC-QTOF-MS"
"MTBLS1115","UPLC-QTOF-MS/MS"
"MTBLS1122","UPLC-QTOF-MS/MS"
"MTBLS1124","UPLC-QTOF-MS/MS"
"MTBLS1127","UPLC-TQ-MS"
"MTBLS1129","UPLC-QTOF-MS/MS"
"MTBLS1130","UPLC-QTOF-MS/MS"
"MTBLS1132","UPLC-QTOF-MS/MS"
"MTBLS1133","UPLC-QTOF-MS"
"MTBLS1138","DI-LTQ-MS"
"MTBLS1140","UPLC-TQ-MS/MS"
"MTBLS1145","NMR"
"MTBLS1167","LC-LTQ-MS"
"MTBLS1168","UPLC-LTQ-MS/MS"
"MTBLS1182","UPLC-QTOF-MS/MS"
"MTBLS1183","UPLC-QTOF-MS"
"MTBLS1186","GC-Q-MS"
"MTBLS1187","GC-QTOF-MS"
"MTBLS1188","LC-LTQ-MS"
"MTBLS1191","UPLC-QTOF-MS/MS"
"MTBLS1196","GC-TOF-MS"
"MTBLS1198","TM-DART-QTOF-MS/MS"
"MTBLS1206","SPME-GCxGC-TOF-MS"
"MTBLS1209","NMR"
"MTBLS1210","DI-LTQ-MS;GC-TQ-MS/MS;UPLC-LTQ-MS;LC-TQ-MS/MS"
"MTBLS1217","UPLC-LTQ-MS/MS"
"MTBLS1219","LC-LTQ-MS"
"MTBLS1221","UPLC-TQ-MS/MS"
"MTBLS1223","UPLC-TQ-MS/MS"
"MTBLS1225","UPLC-QTOF-MS/MS"
"MTBLS1228","GC-Q-MS"
"MTBLS1257","UPLC-QTOF-MS"
"MTBLS1259","UPLC-TQ-MS"
"MTBLS1264","Insufficient data supplied"
"MTBLS1266","LC-QTOF-MS/MS"
"MTBLS1267","UPLC-IMS-QTOF-MS"
"MTBLS1274","UPLC-QTOF-MS/MS"
"MTBLS1275","UPLC-LTQ-MS"
"MTBLS1282","UPLC-LTQ-MS/MS;GC-TOF-MS"
"MTBLS1285","LC-LTQ-MS/MS"
"MTBLS1286","GC-Q-MS"
"MTBLS1295","UPLC-TQ-MS"
"MTBLS1302","GC-Q-MS;SPME-GC-Q-MS"
"MTBLS1309","LC-LTQ-MS/MS"
"MTBLS1311","LC-QTOF-MS/MS"
"MTBLS1319","UPLC-LTQ-MS/MS"
"MTBLS1320","NMR"
"MTBLS1333","DI-LTQ-MS/MS"
"MTBLS1334","QTOF-MS/MS"
"MTBLS1355","MAS-NMR"
"MTBLS1357","NMR"
"MTBLS1358","UPLC-LTQ-MS"
"MTBLS1359","LC-TOF-MS"
"MTBLS1369","LC-LTQ-MS/MS"
"MTBLS1370","REI-QTOF-MS"
"MTBLS1381","LC-LTQ-MS/MS"
"MTBLS1382","LC-LTQ-MS/MS"
"MTBLS1383","LC-LTQ-MS/MS"
"MTBLS1386","UPLC-LTQ-MS"
"MTBLS1388","UPLC-QTOF-MS/MS"
"MTBLS1390","LC-LTQ-MS"
"MTBLS1391","SPME-GC-QTOF-MS"
"MTBLS1396","NMR"
"MTBLS1399","UPLC-QTOF-MS"
"MTBLS1402","HPLC-LTQ-MS/MS;UPLC-LTQ-MS/MS"
"MTBLS1405","UPLC-QTOF-MS/MS"
"MTBLS1407","HPLC-LTQ-MS/MS"
"MTBLS1410","NMR"
"MTBLS1411","UPLC-QTOF-MS/MS"
"MTBLS1416","NMR"
"MTBLS1430","UPLC-QTOF-MS"
"MTBLS1432","HPLC-FT-ICR-MS"
"MTBLS1435","NMR"
"MTBLS1437","NMR"
"MTBLS1443","UPLC-QTOF-MS"
"MTBLS1446","HPLC-LTQ-MS/MS"
"MTBLS1455","LC-LTQ-MS"
"MTBLS1463","GC-Q-MS"
"MTBLS1464","HPLC-LTQ-MS"
"MTBLS1465","UPLC-LTQ-MS"
"MTBLS1474","LC-LTQ-MS"
"MTBLS1485","UPLC-QTOF-MS"
"MTBLS1488","UPLC-TSQ-MS"
"MTBLS1490","UPLC-MS"
"MTBLS1495","NMR"
"MTBLS1497","NMR"
"MTBLS1503","UPLC-QTOF-MS"
"MTBLS1507","GC-TQ-MS"
"MTBLS1509","UPLC-LTQ-MS;TD-GC-Q-MS"
"MTBLS1518","NMR"
"MTBLS1531","DI-LTQ-MS"
"MTBLS1537","UPLC-QTOF-MS/MS"
"MTBLS1540","UPLC-LTQ-MS/MS"
"MTBLS1541","NMR"
"MTBLS1544","NMR"
"MTBLS1558","DI-FT-ICR-MS;DI-LTQ-MS"
"MTBLS1559","LC-TOF-MS;LC-QTOF-MS/MS"
"MTBLS1561","GC-QTOF-MS"
"MTBLS1565","GC-TOF-MS"
"MTBLS1569","HPLC-LTQ-MS"
"MTBLS1570","GC-Q-MS"
"MTBLS1572","UPLC-QTOF-MS/MS"
"MTBLS1579","GC-Q-MS"
"MTBLS1606","HPLC-LTQ-MS"
"MTBLS1610","GC-Q-MS"
"MTBLS1612","HPLC-LTQ-MS"
"MTBLS1622","UPLC-IMS-QTOF-MS/MS"
"MTBLS1627","UPLC-QTOF-MS/MS"
"MTBLS1636","GC-Q-MS"
"MTBLS1642","LC-LTQ-MS/MS"
"MTBLS1677","NMR"
"MTBLS1679","UPLC-LTQ-MS"
"MTBLS1684","UPLC-QTOF-MS"
"MTBLS1692","NMR;UPLC-LTQ-MS"
"MTBLS1693","UPLC-IMS-QTOF-MS/MS"
"MTBLS1698","UPLC-QTOF-MS/MS"
"MTBLS1707","UPLC-LTQ-MS"
"MTBLS1708","UPLC-QTOF-MS"
"MTBLS1714","UPLC-QTOF-MS/MS"
"MTBLS1715","UPLC-LTQ-MS"
"MTBLS1717","UPLC-LTQ-MS/MS"
"MTBLS1720","UPLC-QTOF-MS/MS"
"MTBLS1737","SPME-GC-Q-MS"
"MTBLS1739","UPLC-IMS-QTOF-MS"
"MTBLS1746","MALDI imaging MS"
"MTBLS1748","UPLC-LTQ-MS/MS"
"MTBLS1750","UPLC-LTQ-MS"
"MTBLS1751","UPLC-LTQ-MS/MS"
"MTBLS1752","LC-TQ-MS"
"MTBLS1757","UPLC-LTQ-MS"
"MTBLS1764","LC-LTQ-MS"
"MTBLS1778","GC-TQ-MS"
"MTBLS1782","HPLC-LTQ-MS/MS"
"MTBLS1783","UPLC-QTOF-MS/MS"
"MTBLS1785","UPLC-QTOF-MS/MS"
"MTBLS1791","DI-LTQ-MS"
"MTBLS1792","LC-LTQ-MS"
"MTBLS1794","LC-QTOF-MS/MS"
"MTBLS1796","GC-TOF-MS"
"MTBLS1797","UPLC-QTOF-MS/MS"
"MTBLS1801","GC-Q-MS;UPLC-LTQ-MS/MS"
"MTBLS1803","UPLC-QTOF-MS/MS"
"MTBLS1804","UPLC-QTOF-MS/MS"
"MTBLS1812","LC-QTOF-MS/MS"
"MTBLS1819","UPLC-QTOF-MS/MS"
"MTBLS1820","UPLC-LTQ-MS;UPLD-TQ-MS"
"MTBLS1821","UPLC-QTOF-MS/MS"
"MTBLS1822","UPLC-TQ-MS"
"MTBLS1823","LC-TQ-MS;FIA-QTOF-MS"
"MTBLS1824","NMR"
"MTBLS1825","UPLC-QTOF-MS/MS"
"MTBLS1829","DI-QTOF-MS"
"MTBLS1830","GC-TQ-MS"
"MTBLS1831","UPLC-QTOF-MS/MS"
"MTBLS1839","UPLC-QTOF-MS/MS"
"MTBLS1842","LC-QTOF-MS"
"MTBLS1846","UPLC-TQ-MS/MS"
"MTBLS1847","GC-TQ-MS/MS"
"MTBLS1858","GC-TQ-MS/MS"
"MTBLS1861","UPLC-LTQ-MS/MS"
"MTBLS1866","GCxGC-TOF-MS/MS;UPLC-LTQ-MS/MS"
"MTBLS1873","3D OrbiSIMS;DI-LTQ-MS;GC-TQ-MS;LC-LTQ-MS/MS"
"MTBLS1875","HPLC-LTQ-MS"
"MTBLS1876","UPLC-LTQ-MS/MS;FIA-LTQ-MS/MS"
"MTBLS1887","UPLC-LTQ-MS/MS"
"MTBLS1890","UPLC-QTOF-MS"
"MTBLS1892","GC-TOF-MS;HPLC-DAD"
"MTBLS1894","NMR"
"MTBLS1898","HPLC-QTOF-MS;GC-TQ-MS"
"MTBLS1903","UPLC-LTQ-MS;UPLC-QTOF-MS"
"MTBLS1906","DI-LTQ-MS"
"MTBLS1918","UPLC-QTOF-MS"
"MTBLS1919","UPLC-QTOF-MS"
"MTBLS1925","UPLC-QTOF-MS/MS"
"MTBLS1932","HPLC-LTQ-MS/MS"
"MTBLS1935","UPLC-QTOF-MS/MS"
"MTBLS1952","UPLC-LTQ-MS/MS"
"MTBLS1955","UPLC-QTOF-MS/MS"
"MTBLS1960","HPLC-Q-MS;UPLC-LTQ-MS"
"MTBLS1963","HPLC-QTOF-MS/MS"
"MTBLS1964","Insufficient data supplied"
"MTBLS1967","UPLC-QTOF-MS"
"MTBLS1968","UPLC-QTOF-MS"
"MTBLS1969","HPLC-TQ-MS"
"MTBLS1972","UPLC-LTQ-MS/MS"
"MTBLS1973","UPLC-QTOF-MS"
"MTBLS1974","UPLC-QTOF-MS"
"MTBLS1977","HPLC-LTQ-MS/MS"
"MTBLS1980","Insufficient data supplied"
"MTBLS1983","GC-Q-MS"
"MTBLS1987","UPLC-QTOF-MS"
"MTBLS1990","NMR"
"MTBLS2007","GC-TQ-MS"
"MTBLS2014","UPLC-TQ-MS"
"MTBLS2015","HPLC-QTOF-MS;GC-TQ-MS"
"MTBLS2016","UPLC-QTOF-MS"
"MTBLS2017","GC-TQ-MS/MS"
"MTBLS2021","GC-Q-MS"
"MTBLS2026","SPME-GC-Q-MS"
"MTBLS2028","UPLC-TQ-MS/MS;FIA-TQ-MS/MS"
"MTBLS2040","NMR"
"MTBLS2042","GC-TOF-MS"
"MTBLS2052","NMR"
"MTBLS2053","SPME-GC-Q-MS"
"MTBLS2060","NMR"
"MTBLS2074","UPLC-QTOF-MS/MS"
"MTBLS2075","MALDI imaging MS"
"MTBLS2080","UPLC-LTQ-MS"
"MTBLS2081","UPLC-QTOF-MS/MS"
"MTBLS2087","UPLC-LTQ-MS/MS"
"MTBLS2088","UPLC-TQ-MS"
"MTBLS2096","DI-LTQ-MS"
"MTBLS2104","HPLC-TQ-MS"
"MTBLS2105","UPLC-LTQ-MS/MS"
"MTBLS2108","HPLC-LTQ-MS/MS"
"MTBLS2119","LC-LTQ-MS/MS"
"MTBLS2130","UPLC-QTOF-MS"
"MTBLS2131","FIA-LTQ-MS"
"MTBLS6331","NMR"
"MTBLS2137","NMR"
"MTBLS2145","UPLC-QTOF-MS;FIA-QTOF-MS"
"MTBLS2146","UPLC-TQ-MS"
"MTBLS2150","UPLC-QTOF-MS/MS"
"MTBLS2154","UFLC-QTOF-MS/MS"
"MTBLS2159","UPLC-LTQ-MS"
"MTBLS2166","LC-LTQ-MS"
"MTBLS2171","NMR"
"MTBLS2187","GC-TOF-MS;UPLC-QTOF-MS/MS"
"MTBLS2188","HPLC-LTQ-MS;NMR"
"MTBLS2199","UPLC-QTOF-MS"
"MTBLS2200","UPLC-QTOF-MS"
"MTBLS2205","UPLC-TQ-MS/MS"
"MTBLS2207","UPLC-LTQ-MS/MS"
"MTBLS2215","UPLC-LTQ-MS/MS"
"MTBLS2217","GC-TQ-MS;LC-QTOF-MS/MS;LC-LTQ-MS/MS"
"MTBLS2224","Insufficient data supplied"
"MTBLS2235","GC-TQ-MS"
"MTBLS2259","UPLC-QTOF-MS/MS"
"MTBLS2262","UPLC-LTQ-MS/MS"
"MTBLS2266","UPLC-QTOF-MS"
"MTBLS2267","FIA-QTOF-MS"
"MTBLS2274","UPLC-QTOF-MS"
"MTBLS2277","GC-FID"
"MTBLS2279","GC-Q-MS"
"MTBLS2288","LC-QTOF-MS"
"MTBLS2289","GC-TOF-MS"
"MTBLS2291","UPLC-LTQ-MS/MS"
"MTBLS2295","UPLC-QTOF-MS"
"MTBLS2309","UPLC-LTQ-MS"
"MTBLS2311","UPLC-LTQ-MS/MS"
"MTBLS2313","UPLC-QTOF-MS"
"MTBLS2317","UPLC-QTOF-MS/MS"
"MTBLS2319","UPLC-QTOF-MS/MS"
"MTBLS2322","HPLC-QTOF-MS;GC-TQ-MS"
"MTBLS2323","HPLC-QTOF-MS;GC-TQ-MS"
"MTBLS2324","HPLC-QTOF-MS;GC-TQ-MS"
"MTBLS2327","UPLC-QTOF-MS;NMR"
"MTBLS2330","GC-TQ-MS/MS"
"MTBLS2331","UPLC-QTOF-MS/MS"
"MTBLS2333","UPLC-LTQ-MS"
"MTBLS2334","UPLC-QTOF-MS"
"MTBLS2336","NMR"
"MTBLS2343","UPLC-TQ-MS"
"MTBLS2349","UPLC-LTQ-MS/MS"
"MTBLS2352","UPLC-QTOF-MS/MS"
"MTBLS2356","LC-TQ-MS"
"MTBLS2358","UPLC-QTOF-MS/MS"
"MTBLS2372","LC-LTQ-MS"
"MTBLS2374","LC-QTOF-MS"
"MTBLS2376","LC-TQ-MS/MS"
"MTBLS2382","UPLC-LTQ-MS"
"MTBLS2384","UPLC-QTOF-MS/MS"
"MTBLS2387","NMR"
"MTBLS2394","UPLC-LTQ-MS"
"MTBLS2397","UPLC-LTQ-MS"
"MTBLS2400","SESI-LTQ-MS"
"MTBLS2401","UPLC-QTOF-MS/MS"
"MTBLS2402","LC-LTQ-MS/MS"
"MTBLS2406","UPLC-QTOF-MS/MS"
"MTBLS2413","Insufficient data supplied"
"MTBLS2414","UPLC-QTOF-MS/MS"
"MTBLS2418","UPLC-QTOF-MS"
"MTBLS2421","UPLC-LTQ-MS"
"MTBLS2424","NMR"
"MTBLS2427","UPLC-LTQ-MS"
"MTBLS2436","GC-Q-MS"
"MTBLS2438","GC-TOF-MS"
"MTBLS2441","UPLC-QTOF-MS/MS"
"MTBLS2444","LC-LTQ-MS;DI-LTQ-MS"
"MTBLS2457","UPLC-QTOF-MS/MS"
"MTBLS2469",""
"MTBLS2472",""
"MTBLS2483","UPLC-QQQ-MS/MS"
"MTBLS2501",""
"MTBLS2522","UPLC-LTQ-MS/MS"
"MTBLS2531","UPLC-TOF-MS/MS"
"MTBLS2532",""
"MTBLS2538","UPLC-LTQ-MS"
"MTBLS2542","UPLC-LTQ-MS/MS"
"MTBLS2550","NMR"
"MTBLS2559","UPLC-LTQ-MS"
"MTBLS2579",""
"MTBLS2585",""
"MTBLS2587","DART-Q-MS;REI-QTOF-MS"
"MTBLS2597",""
"MTBLS2612","UPLC-TQ-MS/MS"
"MTBLS2615","UPLC-TQ-MS/MS"
"MTBLS2627","UPLC-QTOF-MS"
"MTBLS2630","GCxGC-TOF-MS"
"MTBLS2633",""
"MTBLS2634",""
"MTBLS2639",""
"MTBLS2671","DESI imaging MS"
"MTBLS2679","UPLC-LTQ-MS/MS"
"MTBLS2688",""
"MTBLS2689",""
"MTBLS2692",""
"MTBLS2712","UPLC-QTOF-MS/MS"
"MTBLS2721",""
"MTBLS2737",""
"MTBLS2744","HPLC-LTQ-MS"
"MTBLS2746","UPLC-LTQ-MS/MS"
"MTBLS2771","HPLC-LTQ-MS"
"MTBLS2772",""
"MTBLS2774",""
"MTBLS2776",""
"MTBLS2782","UPLC-QTOF-MS/MS"
"MTBLS2790",""
"MTBLS2795","HPLC-LTQ-MS"
"MTBLS2801","UPLC-QTOF-MS/MS"
"MTBLS2806","UPLC-LTQ-MS/MS"
"MTBLS2824",""
"MTBLS2825","UPLC-QTOF-MS/MS"
"MTBLS2831","UPLC-QTOF-MS"
"MTBLS2838",""
"MTBLS2840","UPLC-LTQ-MS"
"MTBLS2841","GC-TOF-MS"
"MTBLS2851",""
"MTBLS2852",""
"MTBLS2855","UPLC-LTQ-MS/MS;UPLC-TQ-MS/MS"
"MTBLS2863","UPLC-LTQ-MS/MS"
"MTBLS2870","GC-TOF-MS;HPLC-LTQ-MS;NMR"
"MTBLS2871","UPLC-LTQ-MS/MS"
"MTBLS2876","GC-TQ-MS;SPME-GC-TQ-MS;UPLC-TQ-MS"
"MTBLS2878","UPLC-LTQ-MS/MS"
"MTBLS2885",""
"MTBLS2887",""
"MTBLS2903","NMR"
"MTBLS2935","MALDI-TOF-MS"
"MTBLS2942","NMR"
"MTBLS2945",""
"MTBLS2956","UPLC-LTQ-MS/MS"
"MTBLS2960","UPLC-LTQ-MS/MS;MALDI imaging MS"
"MTBLS2963","FIA-LTQ-MS"
"MTBLS2967","NMR"
"MTBLS2970","UPLC-LTQ-MS/MS"
"MTBLS2974",""
"MTBLS2980","GC-TOF-MS"
"MTBLS2993",""
"MTBLS6337","UPLC-TQ-MS/MS"
"MTBLS3003",""
"MTBLS3286","UPLC-TQ-MS/MS"
"MTBLS3306",""
"MTBLS3318","UPLC-LTQ-MS/MS"
"MTBLS3320","UPLC-LTQ-MS/MS"
"MTBLS3322","UPLC-QTOF-MS/MS"
"MTBLS3323","UPLC-QTOF-MS/MS"
"MTBLS3332",""
"MTBLS3341","UPLC-LTQ-MS/MS"
"MTBLS3342","UPLC-LTQ-MS/MS"
"MTBLS3345","UPLC-LTQ-MS/MS"
"MTBLS3358",""
"MTBLS3388","UPLC-LTQ-MS/MS"
"MTBLS3415",""
"MTBLS3444","UPLC-QTOF-MS"
"MTBLS3450","UPLC-LTQ-MS"
"MTBLS3485","UPLC-LTQ-MS/MS"
"MTBLS3487","UPLC-LTQ-MS"
"MTBLS3505","UPLC-QTOF-MS"
"MTBLS3518","UPLC-LTQ-MS/MS"
"MTBLS3540","UPLC-QTOF-MS/MS"
"MTBLS3555",""
"MTBLS3558","NMR;UPLC-LTQ-MS"
"MTBLS3565","UPLC-QTOF-MS/MS"
"MTBLS3595","GC-TOF-MS"
"MTBLS3627","GC-TOF-MS"
"MTBLS3628",""
"MTBLS3637","UPLC-LTQ-MS/MS"
"MTBLS3657",""
"MTBLS3672","UPLC-LTQ-MS/MS"
"MTBLS3676",""
"MTBLS3683","GC-TOF-MS;UPLC-LTQ-MS/MS"
"MTBLS3714","UPLC-QTOF-MS/MS"
"MTBLS3725","UPLC-QTOF-MS/MS"
"MTBLS3750",""
"MTBLS3769",""
"MTBLS3786","UPLC-LTQ-MS"
"MTBLS3830","UPLC-LTQ-MS/MS"
"MTBLS3838","UPLC-QTOF-MS/MS"
"MTBLS3839","UPLC-TQ-MS/MS"
"MTBLS3840","SPME-GC-Q-MS"
"MTBLS3852","HPLC-LTQ-MS/MS"
"MTBLS3854","UPLC-QTOF-MS/MS"
"MTBLS3860","GC-Q-MS"
"MTBLS3873","NMR"
"MTBLS3886",""
"MTBLS3887",""
"MTBLS3893",""
"MTBLS3916","UPLC-LTQ-MS"
"MTBLS3927","UPLC-QTOF-MS/MS"
"MTBLS3935",""
"MTBLS3943","UPLC-QTOF-MS/MS"
"MTBLS3947","UPLC-LTQ-MS/MS"
"MTBLS3950","UPLC-QTOF-MS/MS"
"MTBLS3963","UPLC-QTOF-MS/MS"
"MTBLS3977","UPLC-QTOF-MS"
"MTBLS4012",""
"MTBLS4013",""
"MTBLS4015",""
"MTBLS4017","UPLC-QTOF-MS/MS"
"MTBLS4040","UPLC-QTOF-MS/MS"
"MTBLS4046","UPLC-LTQ-MS/MS"
"MTBLS4065","NMR"
"MTBLS4066","GC-TOF-MS/MS"
"MTBLS4099","GC-Q-MS;UPLC-LTQ-MS"
"MTBLS4108","UPLC-QTOF-MS/MS"
"MTBLS4126","UPLC-QTOF-MS/MS"
"MTBLS4128","UPLC-LTQ-MS"
"MTBLS4132",""
"MTBLS4137",""
"MTBLS4161","UPLC-LTQ-MS/MS"
"MTBLS4176",""
"MTBLS4186","UPLC-LTQ-MS/MS"
"MTBLS4187","UPLC-LTQ-MS/MS"
"MTBLS4202","UPLC-QTOF-MS/MS"
"MTBLS4206",""
"MTBLS4219","LC-LTQ-MS/MS"
"MTBLS4223","UPLC-QTOF-MS/MS"
"MTBLS4231",""
"MTBLS4249","UPLC-TQ-MS/MS"
"MTBLS4268","UPLC-TQ-MS/MS"
"MTBLS4294",""
"MTBLS4307",""
"MTBLS4365","UPLC-QTOF-MS/MS"
"MTBLS4366","UPLC-LTQ-MS/MS"
"MTBLS4381","LC-LTQ-MS/MS"
"MTBLS4382","LC-LTQ-MS/MS"
"MTBLS4384","LC-LTQ-MS/MS"
"MTBLS4387","HPLC-QTOF-MS"
"MTBLS4404","UPLC-LTQ-MS/MS"
"MTBLS4415","UPLC-QTOF-MS/MS"
"MTBLS4431",""
"MTBLS4437","UPLC-IT-TOF-MS;UPLC-LTQ-MS/MS"
"MTBLS4463","UPLC-LTQ-MS/MS"
"MTBLS4469","GC-TOF-MS"
"MTBLS4495",""
"MTBLS4497","GC-TOF-MS;UPLC-LTQ-MS/MS"
"MTBLS4507",""
"MTBLS4542","UPLC-LTQ-MS"
"MTBLS4567",""
"MTBLS4568","UPLC-QTOF-MS/MS"
"MTBLS4579",""
"MTBLS4590","UPLC-LTQ-MS/MS"
"MTBLS4591","NMR"
"MTBLS4609","MALDI imaging MS"
"MTBLS4618","UPLC-QTOF-MS/MS"
"MTBLS4654","UPLC-LTQ-MS/MS"
"MTBLS4684","UPLC-QTOF-MS/MS"
"MTBLS4708","UPLC-QTOF-MS/MS"
"MTBLS4709","UPLC-QTOF-MS/MS"
"MTBLS4722","UPLC-TQ-MS/MS"
"MTBLS4766","NMR"
"MTBLS4820","UPLC-LTQ-MS/MS"
"MTBLS4854","NMR"
"MTBLS4856","CE-TOF-MS"
"MTBLS4861","UPLC-LTQ-MS"
"MTBLS4893","GC-Q-MS;UPLC-LTQ-MS"
"MTBLS4894","GC-Q-MS"
"MTBLS4895","HPLC-LTQ-MS/MS"
"MTBLS4932","GC-Q-MS"
"MTBLS4933","UPLC-TQ-MS/MS"
"MTBLS4967","UPLC-LTQ-MS/MS"
"MTBLS4980","UPLC-LTQ-MS/MS"
"MTBLS4982","UPLC-LTQ-MS"
"MTBLS4987","UPLC-LTQ-MS/MS"
"MTBLS4988","UPLC-QTOF-MS/MS"
"MTBLS4994","UPLC-QTOF-MS/MS"
"MTBLS5005","UPLC-QTOF-MS/MS"
"MTBLS5065","DI-LTQ-MS"
"MTBLS5071","UPLC-LTQ-MS/MS"
"MTBLS5072","LC-QTOF-MS/MS"
"MTBLS5085","SESI-LTQ-MS"
"MTBLS5132","UPLC-LTQ-MS"
"MTBLS5138","NMR"
"MTBLS5148","UPLC-LTQ-MS"
"MTBLS5155","HPLC-LTQ-MS/MS"
"MTBLS5195","UPLC-QTOF-MS/MS"
"MTBLS5196","UPLC-TQ-MS/MS;FIA-QTOF-MS"
"MTBLS5197","FIA-LTQ-MS"
"MTBLS5219","UPLC-LTQ-MS"
"MTBLS5261","UPLC-LTQ-MS/MS"
"MTBLS5267",""
"MTBLS5272","UPLC-QTOF-MS/MS"
"MTBLS5288","GC-Q-MS;UPLC-QTOF-MS-UPLC-TQ-MS/MS"
"MTBLS5297","UPLC-QTOF-MS/MS"
"MTBLS5335","UPLC-LTQ-MS/MS"
"MTBLS5345","UPLC-LTQ-MS/MS"
"MTBLS5381","UPLC-QTOF-MS/MS"
"MTBLS5405","GC-Q-MS"
"MTBLS5423",""
"MTBLS5430","UPLC-LTQ-MS/MS"
"MTBLS5462","UPLC-LTQ-MS/MS"
"MTBLS5568","UPLC-LTQ-MS"
"MTBLS5572",""
"MTBLS5608","UPLC-QTOF-MS/MS"
"MTBLS5615","UPLC-LTQ-MS"
"MTBLS5657","SESI-LTQ-MS"
"MTBLS5662",""
"MTBLS5744","UPLC-LTQ-MS/MS"
"MTBLS5762","NMR;UPLC-LTQ-MS/MS"
"MTBLS5772",""
"MTBLS5778","GC-LTQ-MS"
"MTBLS5785","UPLC-LTQ-MS/MS"
"MTBLS5808",""
"MTBLS5810","UPLC-LTQ-MS;UPLC-QTOF-MS"
"MTBLS5828","UPLC-LTQ-MS/MS"
"MTBLS5841","LAESI imaging MS;TM-DART-LTQ-MS"
"MTBLS5861",""
"MTBLS5877","UPLC-QTOF-MS/MS"
"MTBLS5893","HPLC-QTOF-MS/MS"
"MTBLS5943","UPLC-QTOF-MS/MS"
"MTBLS5959",""
"MTBLS5971","UPLC-LTQ-MS/MS"
"MTBLS6000","GC-Q-MS/MS"
"MTBLS6402","UPLC-LTQ-MS/MS"
"MTBLS6458","UPLC-LTQ-MS"
"MTBLS6505","HPLC-LTQ-MS"
"MTBLS6511",""
"MTBLS6516",""
"MTBLS6578","HPLC-LTQ-MS/MS;HPLC-TQ-MS/MS"
"MTBLS6603","UPLC-LTQ-MS/MS"
"MTBLS6615","UPLC-LTQ-MS/MS"
"MTBLS6661","UPLC-LTQ-MS/MS"
"MTBLS6663","UPLC-LTQ-MS/MS"
"MTBLS6715","UPLC-QTOF-MS/MS"
"MTBLS6728","UPLC-LTQ-MS"
"MTBLS6732","UPLC-QTOF-MS"
"MTBLS6733","LC-LTQ-MS/MS"
"MTBLS6736","UPLC-LTQ-MS/MS"
"MTBLS6742","UPLC-LTQ-MS"
"MTBLS6758","UPLC-LTQ-MS/MS"
"MTBLS6760","UPLC-LTQ-MS/MS"
"MTBLS6831","UPLC-LTQ-MS/MS"
"MTBLS6844","FIA-LTQ-MS/MS"
"MTBLS6863","UPLC-LTQ-MS/MS"
"MTBLS6886","UPLC-QTOF-MS"
"MTBLS6890","UPLC-LTQ-MS/MS"
"MTBLS6894",""
"MTBLS6927","UPLC-LTQ-MS/MS"
"MTBLS6933","UPLC-QTOF-MS/MS"
"MTBLS6965","UPLC-QTOF-MS/MS"
"MTBLS6982",""
"MTBLS6988","LC-LTQ-MS/MS"
"MTBLS6991","UPLC-TQ-MS"
"MTBLS7006","GC-Q-MS;UPLC-LTQ-MS/MS"
"MTBLS7127","GC-TOF-MS;UPLC-LTQ-MS/MS"
"MTBLS7237","FIA-QTOF-MS"
"MTBLS7248","UPLC-LTQ-MS/MS"
"MTBLS7260",""
"MTBLS7324","UPLC-QTOF-MS/MS"
"MTBLS7533",""
"MTBLS7565","MALDI imaging MS"
"MTBLS7584","GC-Q-MS;UPLC-LTQ-MS/MS"
"MTBLS7603","UPLC-LTQ-MS/MS"
"MTBLS7623","UPLC-QTOF-MS/MS"
"MTBLS7711","UPLC-QTOF-MS/MS"
"MTBLS7713","UPLC-QTOF-MS/MS"
"MTBLS7739","NMR"
"MTBLS7759","UPLC-LTQ-MS/MS"
"MTBLS7766","GC-Q-MS"
"MTBLS7807","UPLC-QTOF-MS/MS"
"MTBLS7808",""
"MTBLS7866","UPLC-LTQ-MS/MS"
"MTBLS7878","UPLC-LTQ-MS/MS"
"MTBLS8012","HPLC-LTQ-MS/MS"
"MTBLS8236","UPLC-LTQ-MS/MS"
"MTBLS1","NMR"
"MTBLS2","UPLC-QTOF-MS"
"MTBLS3","GC-Q-MS"
"MTBLS4","UPLC-LTQ-MS"
"MTBLS180","UPLC-MS/MS"
"MTBLS3038","UPLC-QTOF-MS/MS"
"MTBLS3056",""
"MTBLS301",""
"MTBLS318","UPLC-LTQ-MS"
"MTBLS3075","UPLC-LTQ-MS/MS"
"MTBLS3112","UPLC-LTQ-MS/MS"
"MTBLS3128","UPLC-QTOF-MS"
"MTBLS3129","FIA-LTQ-MS"
"MTBLS3146",""
"MTBLS3174","UPLC-LTQ-MS/MS"
"MTBLS730","UPLC-LTQ-MS/MS"
"MTBLS3183","UPLC-QTOF-MS"
"MTBLS3184","UPLC-QTOF-MS"
"MTBLS3194","UPLC-LTQ-MS"
"MTBLS3201","SPME-GCxGC-TOF-MS"
"MTBLS3233","UPLC-QTOF-MS"
"MTBLS3235",""
"MTBLS3251","LC-LTQ-MS/MS"
"MTBLS2109","HPLC-LTQ-MS/MS"
"MTBLS2111","UPLC-QTOF-MS"
"MTBLS2148","NMR"
"MTBLS3154","MALDI imaging MS"
"MTBLS951","LC-LTQ-MS"
"MTBLS952","UPLC-QTOF-MS"
"MTBLS1301","UPLC-LTQ-MS/MS"
"MTBLS2305","UPLC-QTOF-MS/MS"
"MTBLS1326","LC-LTQ-MS/MS"
"MTBLS1375","HPLC-TQ-MS"
"MTBLS1376","LC-LTQ-MS/MS"
"MTBLS1452","NMR"
"MTBLS1550","UPLC-LTQ-MS/MS"
"MTBLS1371","REI-QTOF-MS"
"MTBLS5543","UPLC-LTQ-MS/MS"
"MTBLS676","MALDI-TOF/TOF-MS/MS"
"MTBLS69","UPLC-QTOF-MS"
"MTBLS74","UPLC-QTOF-MS"
"MTBLS77","NMR"
"MTBLS779","GC-TOF-MS"
"MTBLS87","HPLC-LTQ-MS/MS"
"MTBLS67","HPLC-LTQ-MS"
"MTBLS140","HPLC-LTQ-MS/MS"
"MTBLS170","GC-Q-MS"
"MTBLS201","UPLC-MS/MS"
"MTBLS228","HPLC-LTQ-MS"
"MTBLS276","UPLC-LTQ-MS/MS"
"MTBLS284","UPLC-LTQ-MS/MS"
"MTBLS353","UPLC-LTQ-MS/MS"
"MTBLS406","UPLC-LTQ-MS/MS"
"MTBLS440",""
"MTBLS584","GC-Q-MS"
"MTBLS627","GC-Q-MS"
"MTBLS710","UPLC-LTQ-MS/MS"
"MTBLS795","UPLC-LTQ-MS/MS"
"MTBLS873","GC-Q-MS"
"MTBLS682","UPLC-LTQ-MS/MS"
